Workbook

Sheet Sheet0
B2: Character Name | D2: Class | E2: Subclass | F2: Race
C4: Level | D4: Proficiency
C5: 1 | D5: =ROUNDDOWN(((C5-1)/4+2),0) -> 2
B6: Prof | C6: 0 | D6: Health | E6: Armor Class | F6: Initiative
C7: Max | D7: =(C5*D20)+Sheet1!B10 -> 0 | F7: =D16 -> 0
C8: Current | E8: Hit Dice Type | F8: Speed
C9: Temp. | D9: 0 | F9: 30ft
B10: Prof | C10: 0 | D10: Strength
C11: Total | D11: =Sheet1!D4 -> 10 | F11: Skills | G11: Prof.
C12: Mod | D12: =Sheet1!E4 -> 0 | F12: Acrobatics | G12: 0
C13: Save | D13: =C10+D12 -> 0 | F13: Animal Handling | G13: 0
B14: Prof | C14: 0 | D14: Dexterity | F14: Arcana | G14: 0
C15: Total | D15: =Sheet1!D5 -> 10 | F15: Athletics | G15: 0
C16: Mod | D16: =Sheet1!E5 -> 0 | F16: Deception | G16: 0
C17: Save | D17: =C14+D16 -> 0 | F17: History | G17: 0
B18: Prof | C18: 0 | D18: Constitution | F18: Insight | G18: 0
C19: Total | D19: =Sheet1!D6 -> 10 | F19: Intimidation | G19: 0
C20: Mod | D20: =Sheet1!E6 -> 0 | F20: Investigation | G20: 0
C21: Save | D21: =C18+D20 -> 0 | F21: Medicine | G21: 0
B22: Prof | C22: 0 | D22: Intelligence | F22: Nature | G22: 0
C23: Total | D23: =Sheet1!D7 -> 10 | F23: Perception | G23: 0
C24: Mod | D24: =Sheet1!E7 -> 0 | F24: Performance | G24: 0
C25: Save | D25: =C22+D24 -> 0 | F25: Persuasion | G25: 0
B26: Prof | C26: 0 | D26: Wisdom | F26: Religion | G26: 0
C27: Total | D27: =Sheet1!D8 -> 10 | F27: Sleight of Hand | G27: 0
C28: Mod | D28: =Sheet1!E8 -> 0 | F28: Stealth | G28: 0
C29: Save | D29: =C26+D28 -> 0 | F29: Survival | G29: 0
B30: Prof | C30: 0 | D30: Charisma
C31: Total | D31: =Sheet1!D9 -> 10
C32: Mod | D32: =Sheet1!E9 -> 0
C33: Save | D33: =(C30+D32) -> 0

Sheet Sheet1
B3: Base | C3: added | D3: total | E3: mod
A4: Strength | B4: 10 | C4: 0 | D4: =B4+C4 -> 10 | E4: =ROUNDDOWN((D4 - 10) / 2,0) -> 0
A5: Dexterity | B5: 10 | C5: 0 | D5: =B5+C5 -> 10 | E5: =ROUNDDOWN((D5 - 10) / 2,0) -> 0
A6: Constitution | B6: 10 | C6: 0 | D6: =B6+C6 -> 10 | E6: =ROUNDDOWN((D6 - 10) / 2,0) -> 0
A7: Intelligence | B7: 10 | C7: 0 | D7: =B7+C7 -> 10 | E7: =ROUNDDOWN((D7 - 10) / 2,0) -> 0
A8: Wisdom | B8: 10 | C8: 0 | D8: =B8+C8 -> 10 | E8: =ROUNDDOWN((D8 - 10) / 2,0) -> 0
A9: Charisma | B9: 10 | C9: 0 | D9: =B9+C9 -> 10 | E9: =ROUNDDOWN((D9 - 10) / 2,0) -> 0
A10: Rolled Health
A11: class | B11: hit die | C11: Save 1 | D11: Save 2
A12: Artificer | B12: d8 | C12: Constitution | D12: Intelligence
A13: Barbarian | B13: d12 | C13: Strength | D13: Constitution
A14: Bard | B14: d8 | C14: Dexterity | D14: Charisma
A15: Cleric | B15: d8 | C15: Wisdom | D15: Charisma
A16: Druid | B16: d8 | C16: Intelligence | D16: Wisdom
A17: Fighter | B17: d10 | C17: Strength | D17: Constitution
A18: Monk | B18: d8 | C18: Strength | D18: Dexterity
A19: Ranger | B19: d10 | C19: Strength | D19: Dexterity
A20: Rogue | B20: d8 | C20: Dexterity | D20: Intelligence
A21: Paladin | B21: d10 | C21: Wisdom | D21: Charisma
A22: Sorcerer | B22: d6 | C22: Wisdom | D22: Charisma
... A24: Warlock | B24: d8 | C24: Wisdom | D24: Charisma
A26: Armor
A27: Leather | B27: =E5+11 -> 11
A28: Plate | B28: 18
A29: Half plate | B29: =15+E5 -> 15
A30: None | B30: =E5+10 -> 10
